place_id,place,place_type,code,series,validated,model,issued_at,origin,target,horizon,forecast,low_80,high_80,low_95,high_95
279,Balaton,destination,HU23,tourism_nights,no,POOL_GR,2026-09-28T11:15:17.390010+00:00,2026-07,2026-08,1,2339164,2123798,2581855,1941025,2828795
279,Balaton,destination,HU23,tourism_nights,no,POOL_GR,2026-09-28T11:15:17.390010+00:00,2026-07,2026-09,2,684956,619631,758447,567944,830512
279,Balaton,destination,HU23,tourism_nights,no,POOL_GR,2026-09-28T11:15:17.390010+00:00,2026-07,2026-10,3,483265,436127,537011,399600,589447
279,Balaton,destination,HU23,tourism_nights,no,POOL_GR,2026-09-28T11:15:17.390010+00:00,2026-07,2026-11,4,332974,299846,370487,275087,406537
279,Balaton,destination,HU23,tourism_nights,no,POOL_GR,2026-09-28T11:15:17.390010+00:00,2026-07,2026-12,5,324015,291460,361342,266494,397459
279,Balaton,destination,HU23,tourism_nights,no,POOL_GR,2026-09-28T11:15:17.390010+00:00,2026-07,2027-01,6,264980,238195,295687,217451,326014
279,Balaton,destination,HU23,tourism_nights,no,POOL_GR,2026-09-28T11:15:17.390010+00:00,2026-07,2027-02,7,290465,260620,325164,237217,358281
279,Balaton,destination,HU23,tourism_nights,no,POOL_GR,2026-09-28T11:15:17.390010+00:00,2026-07,2027-03,8,319723,286834,357617,260370,395384
279,Balaton,destination,HU23,tourism_nights,no,POOL_GR,2026-09-28T11:15:17.390010+00:00,2026-07,2027-04,9,454168,406861,508600,369754,562542
279,Balaton,destination,HU23,tourism_nights,no,POOL_GR,2026-09-28T11:15:17.390010+00:00,2026-07,2027-05,10,649537,581077,728769,529472,811297
279,Balaton,destination,HU23,tourism_nights,no,POOL_GR,2026-09-28T11:15:17.390010+00:00,2026-07,2027-06,11,1063190,949641,1193507,863077,1327637
279,Balaton,destination,HU23,tourism_nights,no,POOL_GR,2026-09-28T11:15:17.390010+00:00,2026-07,2027-07,12,2232397,1993730,2510124,1809308,2797794
61,Budapest,destination,HU11,tourism_nights,no,POOL_GR,2026-09-28T11:15:17.390010+00:00,2026-07,2026-08,1,1923324,1746244,2122871,1595963,2325912
61,Budapest,destination,HU11,tourism_nights,no,POOL_GR,2026-09-28T11:15:17.390010+00:00,2026-07,2026-09,2,1622727,1467964,1796835,1345514,1967564
61,Budapest,destination,HU11,tourism_nights,no,POOL_GR,2026-09-28T11:15:17.390010+00:00,2026-07,2026-10,3,1718408,1550796,1909522,1420910,2095974
61,Budapest,destination,HU11,tourism_nights,no,POOL_GR,2026-09-28T11:15:17.390010+00:00,2026-07,2026-11,4,1553207,1398673,1728191,1283182,1896351
61,Budapest,destination,HU11,tourism_nights,no,POOL_GR,2026-09-28T11:15:17.390010+00:00,2026-07,2026-12,5,1859225,1672418,2073408,1529161,2280651
61,Budapest,destination,HU11,tourism_nights,no,POOL_GR,2026-09-28T11:15:17.390010+00:00,2026-07,2027-01,6,1157173,1040201,1291269,949613,1423709
61,Budapest,destination,HU11,tourism_nights,no,POOL_GR,2026-09-28T11:15:17.390010+00:00,2026-07,2027-02,7,1160343,1041120,1298961,947633,1431253
61,Budapest,destination,HU11,tourism_nights,no,POOL_GR,2026-09-28T11:15:17.390010+00:00,2026-07,2027-03,8,1312692,1177658,1468276,1069007,1623336
61,Budapest,destination,HU11,tourism_nights,no,POOL_GR,2026-09-28T11:15:17.390010+00:00,2026-07,2027-04,9,1448286,1297429,1621863,1179100,1793876
61,Budapest,destination,HU11,tourism_nights,no,POOL_GR,2026-09-28T11:15:17.390010+00:00,2026-07,2027-05,10,1577005,1410792,1769372,1285500,1969741
61,Budapest,destination,HU11,tourism_nights,no,POOL_GR,2026-09-28T11:15:17.390010+00:00,2026-07,2027-06,11,1531834,1368234,1719595,1243514,1912848
61,Budapest,destination,HU11,tourism_nights,no,POOL_GR,2026-09-28T11:15:17.390010+00:00,2026-07,2027-07,12,1749886,1562804,1967584,1418243,2193078
280,Debrecen,destination,HU32,tourism_nights,no,POOL_GR,2026-09-28T11:15:17.390010+00:00,2026-07,2026-08,1,459540,417230,507218,381324,555730
280,Debrecen,destination,HU32,tourism_nights,no,POOL_GR,2026-09-28T11:15:17.390010+00:00,2026-07,2026-09,2,180026,162856,199341,149272,218282
280,Debrecen,destination,HU32,tourism_nights,no,POOL_GR,2026-09-28T11:15:17.390010+00:00,2026-07,2026-10,3,159517,143958,177257,131900,194565
280,Debrecen,destination,HU32,tourism_nights,no,POOL_GR,2026-09-28T11:15:17.390010+00:00,2026-07,2026-11,4,137646,123951,153153,113716,168056
280,Debrecen,destination,HU32,tourism_nights,no,POOL_GR,2026-09-28T11:15:17.390010+00:00,2026-07,2026-12,5,125033,112470,139437,102836,153374
280,Debrecen,destination,HU32,tourism_nights,no,POOL_GR,2026-09-28T11:15:17.390010+00:00,2026-07,2027-01,6,112848,101441,125925,92606,138840
280,Debrecen,destination,HU32,tourism_nights,no,POOL_GR,2026-09-28T11:15:17.390010+00:00,2026-07,2027-02,7,122542,109951,137181,100078,151153
280,Debrecen,destination,HU32,tourism_nights,no,POOL_GR,2026-09-28T11:15:17.390010+00:00,2026-07,2027-03,8,126426,113421,141410,102957,156344
280,Debrecen,destination,HU32,tourism_nights,no,POOL_GR,2026-09-28T11:15:17.390010+00:00,2026-07,2027-04,9,144011,129010,161270,117244,178374
280,Debrecen,destination,HU32,tourism_nights,no,POOL_GR,2026-09-28T11:15:17.390010+00:00,2026-07,2027-05,10,183579,164230,205973,149645,229298
280,Debrecen,destination,HU32,tourism_nights,no,POOL_GR,2026-09-28T11:15:17.390010+00:00,2026-07,2027-06,11,220485,196938,247511,178986,275327
280,Debrecen,destination,HU32,tourism_nights,no,POOL_GR,2026-09-28T11:15:17.390010+00:00,2026-07,2027-07,12,407981,364363,458737,330659,511310
1787,Eger,destination,HU31,tourism_nights,no,POOL_GR,2026-09-28T11:15:17.390010+00:00,2026-07,2026-08,1,443202,402397,489185,367767,535973
1787,Eger,destination,HU31,tourism_nights,no,POOL_GR,2026-09-28T11:15:17.390010+00:00,2026-07,2026-09,2,215164,194644,238250,178407,260888
1787,Eger,destination,HU31,tourism_nights,no,POOL_GR,2026-09-28T11:15:17.390010+00:00,2026-07,2026-10,3,255209,230317,283593,211026,311284
1787,Eger,destination,HU31,tourism_nights,no,POOL_GR,2026-09-28T11:15:17.390010+00:00,2026-07,2026-11,4,179224,161392,199415,148066,218819
1787,Eger,destination,HU31,tourism_nights,no,POOL_GR,2026-09-28T11:15:17.390010+00:00,2026-07,2026-12,5,183847,165375,205026,151209,225519
1787,Eger,destination,HU31,tourism_nights,no,POOL_GR,2026-09-28T11:15:17.390010+00:00,2026-07,2027-01,6,152238,136849,169880,124932,187304
1787,Eger,destination,HU31,tourism_nights,no,POOL_GR,2026-09-28T11:15:17.390010+00:00,2026-07,2027-02,7,153658,137870,172014,125490,189533
1787,Eger,destination,HU31,tourism_nights,no,POOL_GR,2026-09-28T11:15:17.390010+00:00,2026-07,2027-03,8,158634,142316,177436,129186,196174
1787,Eger,destination,HU31,tourism_nights,no,POOL_GR,2026-09-28T11:15:17.390010+00:00,2026-07,2027-04,9,213095,190898,238634,173488,263943
1787,Eger,destination,HU31,tourism_nights,no,POOL_GR,2026-09-28T11:15:17.390010+00:00,2026-07,2027-05,10,241177,215757,270596,196596,301239
1787,Eger,destination,HU31,tourism_nights,no,POOL_GR,2026-09-28T11:15:17.390010+00:00,2026-07,2027-06,11,240022,214388,269442,194845,299723
1787,Eger,destination,HU31,tourism_nights,no,POOL_GR,2026-09-28T11:15:17.390010+00:00,2026-07,2027-07,12,392708,350723,441563,318281,492168
1786,Gyula,destination,HU33,tourism_nights,no,POOL_GR,2026-09-28T11:15:17.390010+00:00,2026-07,2026-08,1,108983,98949,120290,90434,131796
1786,Gyula,destination,HU33,tourism_nights,no,POOL_GR,2026-09-28T11:15:17.390010+00:00,2026-07,2026-09,2,51541,46625,57071,42736,62494
1786,Gyula,destination,HU33,tourism_nights,no,POOL_GR,2026-09-28T11:15:17.390010+00:00,2026-07,2026-10,3,62831,56703,69819,51953,76636
1786,Gyula,destination,HU33,tourism_nights,no,POOL_GR,2026-09-28T11:15:17.390010+00:00,2026-07,2026-11,4,37570,33832,41802,31038,45870
1786,Gyula,destination,HU33,tourism_nights,no,POOL_GR,2026-09-28T11:15:17.390010+00:00,2026-07,2026-12,5,38726,34835,43187,31851,47504
1786,Gyula,destination,HU33,tourism_nights,no,POOL_GR,2026-09-28T11:15:17.390010+00:00,2026-07,2027-01,6,35677,32071,39812,29278,43895
1786,Gyula,destination,HU33,tourism_nights,no,POOL_GR,2026-09-28T11:15:17.390010+00:00,2026-07,2027-02,7,39892,35794,44658,32580,49206
1786,Gyula,destination,HU33,tourism_nights,no,POOL_GR,2026-09-28T11:15:17.390010+00:00,2026-07,2027-03,8,39843,35745,44566,32447,49272
1786,Gyula,destination,HU33,tourism_nights,no,POOL_GR,2026-09-28T11:15:17.390010+00:00,2026-07,2027-04,9,51151,45823,57281,41644,63357
1786,Gyula,destination,HU33,tourism_nights,no,POOL_GR,2026-09-28T11:15:17.390010+00:00,2026-07,2027-05,10,61859,55339,69405,50425,77264
1786,Gyula,destination,HU33,tourism_nights,no,POOL_GR,2026-09-28T11:15:17.390010+00:00,2026-07,2027-06,11,58722,52451,65920,47670,73328
1786,Gyula,destination,HU33,tourism_nights,no,POOL_GR,2026-09-28T11:15:17.390010+00:00,2026-07,2027-07,12,102405,91457,115145,82997,128342
1789,Sopron,destination,HU22,tourism_nights,no,POOL_GR,2026-09-28T11:15:17.390010+00:00,2026-07,2026-08,1,82947,75310,91553,68829,100310
1789,Sopron,destination,HU22,tourism_nights,no,POOL_GR,2026-09-28T11:15:17.390010+00:00,2026-07,2026-09,2,54126,48964,59933,44880,65628
1789,Sopron,destination,HU22,tourism_nights,no,POOL_GR,2026-09-28T11:15:17.390010+00:00,2026-07,2026-10,3,61424,55433,68255,50790,74920
1789,Sopron,destination,HU22,tourism_nights,no,POOL_GR,2026-09-28T11:15:17.390010+00:00,2026-07,2026-11,4,34333,30917,38201,28364,41918
1789,Sopron,destination,HU22,tourism_nights,no,POOL_GR,2026-09-28T11:15:17.390010+00:00,2026-07,2026-12,5,37545,33773,41870,30880,46055
1789,Sopron,destination,HU22,tourism_nights,no,POOL_GR,2026-09-28T11:15:17.390010+00:00,2026-07,2027-01,6,23340,20980,26044,19153,28715
1789,Sopron,destination,HU22,tourism_nights,no,POOL_GR,2026-09-28T11:15:17.390010+00:00,2026-07,2027-02,7,23460,21049,26263,19159,28937
1789,Sopron,destination,HU22,tourism_nights,no,POOL_GR,2026-09-28T11:15:17.390010+00:00,2026-07,2027-03,8,28508,25575,31886,23215,35254
1789,Sopron,destination,HU22,tourism_nights,no,POOL_GR,2026-09-28T11:15:17.390010+00:00,2026-07,2027-04,9,47949,42954,53695,39037,59390
1789,Sopron,destination,HU22,tourism_nights,no,POOL_GR,2026-09-28T11:15:17.390010+00:00,2026-07,2027-05,10,57769,51681,64816,47091,72156
1789,Sopron,destination,HU22,tourism_nights,no,POOL_GR,2026-09-28T11:15:17.390010+00:00,2026-07,2027-06,11,51518,46016,57833,41822,64333
1789,Sopron,destination,HU22,tourism_nights,no,POOL_GR,2026-09-28T11:15:17.390010+00:00,2026-07,2027-07,12,76682,68484,86222,62149,96103
1790,Szeged,destination,HU33,tourism_nights,no,POOL_GR,2026-09-28T11:15:17.390010+00:00,2026-07,2026-08,1,134652,122254,148622,111733,162837
1790,Szeged,destination,HU33,tourism_nights,no,POOL_GR,2026-09-28T11:15:17.390010+00:00,2026-07,2026-09,2,74455,67354,82443,61735,90276
1790,Szeged,destination,HU33,tourism_nights,no,POOL_GR,2026-09-28T11:15:17.390010+00:00,2026-07,2026-10,3,79612,71847,88466,65829,97104
1790,Szeged,destination,HU33,tourism_nights,no,POOL_GR,2026-09-28T11:15:17.390010+00:00,2026-07,2026-11,4,65388,58882,72755,54020,79834
1790,Szeged,destination,HU33,tourism_nights,no,POOL_GR,2026-09-28T11:15:17.390010+00:00,2026-07,2026-12,5,71680,64478,79937,58954,87927
1790,Szeged,destination,HU33,tourism_nights,no,POOL_GR,2026-09-28T11:15:17.390010+00:00,2026-07,2027-01,6,59421,53414,66306,48762,73107
1790,Szeged,destination,HU33,tourism_nights,no,POOL_GR,2026-09-28T11:15:17.390010+00:00,2026-07,2027-02,7,62593,56162,70071,51119,77207
1790,Szeged,destination,HU33,tourism_nights,no,POOL_GR,2026-09-28T11:15:17.390010+00:00,2026-07,2027-03,8,60507,54283,67679,49275,74826
1790,Szeged,destination,HU33,tourism_nights,no,POOL_GR,2026-09-28T11:15:17.390010+00:00,2026-07,2027-04,9,73886,66190,82741,60153,91517
1790,Szeged,destination,HU33,tourism_nights,no,POOL_GR,2026-09-28T11:15:17.390010+00:00,2026-07,2027-05,10,87576,78346,98259,71388,109386
1790,Szeged,destination,HU33,tourism_nights,no,POOL_GR,2026-09-28T11:15:17.390010+00:00,2026-07,2027-06,11,86524,77283,97129,70238,108045
1790,Szeged,destination,HU33,tourism_nights,no,POOL_GR,2026-09-28T11:15:17.390010+00:00,2026-07,2027-07,12,125945,112481,141614,102076,157844
